grid_id,city,latitude_center,longitude_center,min_lat,max_lat,min_lon,max_lon,grid_size_km
G00000,Sample City,40.70150882830068,-74.01279382669571,40.69701116408609,40.706006189083986,-74.01872670393341,-74.00686175041498,1.0
G00001,Sample City,40.701510042739315,-74.00093127563734,40.69701298556565,40.70600679636277,-74.00686335218306,-73.995,1.0
G00002,Sample City,40.701510042739315,-73.98906872436265,40.69701298556565,40.70600679636277,-73.995,-73.98313664781695,1.0
G00003,Sample City,40.70150882830068,-73.9772061733043,40.69701116408609,40.706006189083986,-73.98313824958502,-73.9712732960666,1.0
G00004,Sample City,40.71050203167033,-74.01279622981836,40.70600436724768,40.71499939260228,-74.01872990872438,-74.00686335218306,1.0
G00005,Sample City,40.710503246346825,-74.00093207667827,40.706006189083986,40.715,-74.00686495457869,-73.995,1.0
G00006,Sample City,40.710503246346825,-73.98906792332174,40.706006189083986,40.715,-73.995,-73.98313504542132,1.0
G00007,Sample City,40.71050203167033,-73.97720377018165,40.70600436724768,40.71499939260228,-73.98313664781695,-73.97127009127563,1.0
G00008,Sample City,40.71949523503988,-74.01279863388254,40.714997570409125,40.72399259612052,-74.0187331147711,-74.00686495457869,1.0
G00009,Sample City,40.71949644995433,-74.00093287803303,40.71499939260228,40.72399320363726,-74.00686655760217,-73.995,1.0
G00010,Sample City,40.71949644995433,-73.98906712196697,40.71499939260228,40.72399320363726,-73.995,-73.98313344239784,1.0
G00011,Sample City,40.71949523503988,-73.97720136611747,40.714997570409125,40.72399259612052,-73.98313504542132,-73.97126688522891,1.0
G00012,Sample City,40.72848843840934,-74.01280103888877,40.72399077357038,40.73298579963873,-74.01873632207419,-74.00686655760217,1.0
G00013,Sample City,40.72848965356181,-74.00093367970182,40.72399259612052,40.7329864072745,-74.00686816125383,-73.995,1.0
G00014,Sample City,40.72848965356181,-73.98906632029819,40.72399259612052,40.7329864072745,-73.995,-73.98313183874616,1.0
G00015,Sample City,40.72848843840934,-73.97719896111124,40.72399077357038,40.73298579963873,-73.98313344239784,-73.97126367792582,1.0
