feature,importance
rainfall_1h_lag_6,0.017253764
cloud_cover_rolling_min_3,0.015379943
hour_cos,0.014898143
cloud_cover_rolling_mean_24,0.012797841
day_of_year,0.012527769
relative_humidity_rolling_max_24,0.012037811
pressure_rolling_min_24,0.011619268
relative_humidity_lag_24,0.011378856
rainfall_1h_rolling_mean_3,0.011178549
temperature_rolling_std_6,0.010962666
cloud_cover_rolling_mean_6,0.0102745835
temperature_rolling_min_3,0.010153006
missingindicator_pressure_lag_24,0.009864137
temperature_lag_12,0.009806408
cloud_cover_rolling_max_6,0.009501893
relative_humidity_rolling_mean_6,0.009501523
relative_humidity_rolling_mean_3,0.009453758
temperature_lag_24,0.009435268
relative_humidity_rolling_max_6,0.009398792
cloud_cover_lag_3,0.009368212
relative_humidity_rolling_min_6,0.009310512
dew_point_lag_24,0.009293108
dew_point_rolling_min_6,0.009246423
relative_humidity_rolling_std_3,0.009213645
relative_humidity_lag_6,0.009210922
dew_point_lag_6,0.009085672
dew_point_rolling_mean_3,0.0090587055
cloud_cover_lag_24,0.009041991
CAPE_lag_12,0.008973758
dew_point_rolling_max_6,0.008962136
pressure_rolling_std_3,0.008897219
dew_point_rolling_std_3,0.008863643
pressure_rolling_min_6,0.008827609
cloud_cover_rolling_max_24,0.008788397
missingindicator_pressure_lag_6,0.008775561
temperature_rolling_mean_3,0.008714012
temperature_rolling_max_24,0.008663378
relative_humidity_rolling_min_3,0.008638958
rainfall_1h_lag_12,0.008620443
pressure_rolling_mean_3,0.008539245
rainfall_1h_rolling_mean_6,0.0085369935
pressure,0.008528903
cloud_cover_rolling_std_6,0.0084153535
temperature_rolling_max_3,0.008412249
rainfall_1h_rolling_std_3,0.0083882185
rainfall_1h_rolling_std_6,0.008386958
rainfall_1h_lag_1,0.008386152
pressure_lag_6,0.008383801
CAPE_lag_1,0.008320697
pressure_rolling_max_24,0.008317784
cloud_cover_rolling_mean_3,0.0083076805
day,0.008267806
dew_point_rolling_max_3,0.00824557
cloud_cover_rolling_std_24,0.008164315
relative_humidity_rolling_std_6,0.008138604
hour,0.008085438
relative_humidity_lag_1,0.00807141
CAPE_lag_6,0.008037991
relative_humidity_rolling_std_24,0.007962684
pressure_rolling_max_3,0.007812533
dew_point_lag_1,0.0078001926
pressure_rolling_std_24,0.00777798
temperature_rolling_std_3,0.007763481
dew_point_lag_12,0.0077626985
temperature_rolling_mean_24,0.0077120103
rainfall_1h_rolling_max_24,0.007685626
relative_humidity_rolling_min_24,0.007679441
rainfall_1h_rolling_mean_24,0.00765003
rainfall_1h_rolling_std_24,0.007611752
relative_humidity_rolling_max_3,0.0075814687
dew_point_rolling_std_24,0.0075602885
dew_point_rolling_std_6,0.007518527
dew_point_rolling_max_24,0.0075092358
pressure_rolling_mean_24,0.0074640173
cloud_cover_lag_12,0.0074580344
temperature_rolling_max_6,0.0074519673
pressure_lag_3,0.007382955
dew_point_rolling_mean_24,0.0073562893
cloud_cover_lag_6,0.007345242
relative_humidity_lag_12,0.0072461115
dew_point_rolling_min_3,0.0072217374
cloud_cover_rolling_max_3,0.0071037346
cloud_cover_rolling_min_24,0.006993814
pressure_rolling_std_6,0.0069764727
temperature_lag_3,0.0069702305
relative_humidity,0.006951253
pressure_lag_1,0.006935683
missingindicator_temperature_lag_1,0.0069306544
dew_point_rolling_min_24,0.0068188184
relative_humidity_lag_3,0.0067459643
pressure_rolling_min_3,0.0067443955
rainfall_1h_lag_3,0.0067128553
CAPE_lag_3,0.006700045
cloud_cover_rolling_std_3,0.0066621653
temperature_rolling_mean_6,0.0066454336
cloud_cover_lag_1,0.00662634
CAPE_lag_24,0.006605181
pressure_rolling_max_6,0.006603542
rainfall_1h_rolling_max_6,0.0065435716
rainfall_1h,0.006526417
temperature_lag_1,0.006516127
temperature_rolling_min_6,0.0064684926
dew_point,0.0063897097
relative_humidity_rolling_mean_24,0.00633868
rainfall_1h_lag_24,0.0060726046
temperature_rolling_min_24,0.0060212975
missingindicator_pressure_rolling_std_3,0.005948523
cloud_cover_rolling_min_6,0.0059063165
dew_point_lag_3,0.0058848183
pressure_rolling_mean_6,0.005881063
temperature_rolling_std_24,0.0058649285
temperature_lag_6,0.0058404654
dew_point_rolling_mean_6,0.0057597863
pressure_lag_12,0.0057117473
CAPE,0.0056812586
pressure_lag_24,0.0054727774
rainfall_1h_rolling_max_3,0.0053592697
rainfall_1h_rolling_min_3,0.0052506393
cloud_cover,0.0052209888
temperature,0.004267616
doy_cos,0.0042598634
hour_sin,0.003846026
missingindicator_pressure_lag_12,0.0037357016
longitude,0.00353067
day_of_week,0.003301588
latitude,0.0027658574
missingindicator_pressure,0.0025032724
missingindicator_pressure_lag_1,0.0016317872
missingindicator_pressure_lag_3,0.0005437312
missingindicator_pressure_rolling_max_24,0.0
missingindicator_cloud_cover_rolling_mean_6,0.0
missingindicator_cloud_cover_rolling_max_3,0.0
missingindicator_cloud_cover_rolling_min_3,0.0
missingindicator_cloud_cover_rolling_std_3,0.0
missingindicator_cloud_cover_rolling_mean_3,0.0
missingindicator_cloud_cover_lag_24,0.0
missingindicator_cloud_cover_lag_12,0.0
missingindicator_cloud_cover_lag_6,0.0
missingindicator_cloud_cover_lag_3,0.0
missingindicator_cloud_cover_lag_1,0.0
missingindicator_pressure_rolling_std_24,0.0
missingindicator_pressure_rolling_min_24,0.0
missingindicator_cloud_cover_rolling_min_6,0.0
missingindicator_pressure_rolling_mean_24,0.0
missingindicator_pressure_rolling_max_6,0.0
missingindicator_pressure_rolling_min_6,0.0
missingindicator_pressure_rolling_std_6,0.0
missingindicator_pressure_rolling_mean_6,0.0
missingindicator_pressure_rolling_max_3,0.0
missingindicator_pressure_rolling_min_3,0.0
month,0.0
missingindicator_pressure_rolling_mean_3,0.0
missingindicator_cloud_cover_rolling_std_6,0.0
missingindicator_cloud_cover_rolling_max_6,0.0
doy_sin,0.0
missingindicator_rainfall_1h_lag_24,0.0
missingindicator_rainfall_1h_rolling_min_24,0.0
missingindicator_rainfall_1h_rolling_std_24,0.0
missingindicator_rainfall_1h_rolling_mean_24,0.0
missingindicator_rainfall_1h_rolling_max_6,0.0
missingindicator_rainfall_1h_rolling_min_6,0.0
missingindicator_rainfall_1h_rolling_std_6,0.0
missingindicator_rainfall_1h_rolling_mean_6,0.0
missingindicator_rainfall_1h_rolling_max_3,0.0
missingindicator_rainfall_1h_rolling_min_3,0.0
missingindicator_rainfall_1h_rolling_std_3,0.0
missingindicator_rainfall_1h_rolling_mean_3,0.0
missingindicator_rainfall_1h_lag_12,0.0
missingindicator_cloud_cover_rolling_mean_24,0.0
missingindicator_rainfall_1h_lag_6,0.0
missingindicator_rainfall_1h_lag_3,0.0
missingindicator_rainfall_1h_lag_1,0.0
missingindicator_CAPE_lag_24,0.0
missingindicator_CAPE_lag_12,0.0
missingindicator_CAPE_lag_6,0.0
missingindicator_CAPE_lag_3,0.0
missingindicator_CAPE_lag_1,0.0
missingindicator_cloud_cover_rolling_max_24,0.0
missingindicator_cloud_cover_rolling_min_24,0.0
missingindicator_cloud_cover_rolling_std_24,0.0
season,0.0
rainfall_1h_rolling_min_6,0.0
rainfall_1h_rolling_min_24,0.0
missingindicator_relative_humidity_rolling_max_24,0.0
missingindicator_dew_point_rolling_std_3,0.0
missingindicator_dew_point_rolling_mean_3,0.0
missingindicator_dew_point_lag_24,0.0
missingindicator_dew_point_lag_12,0.0
missingindicator_dew_point_lag_6,0.0
missingindicator_dew_point_lag_3,0.0
missingindicator_dew_point_lag_1,0.0
missingindicator_temperature_rolling_max_24,0.0
missingindicator_temperature_rolling_min_24,0.0
missingindicator_temperature_rolling_std_24,0.0
missingindicator_temperature_rolling_mean_24,0.0
missingindicator_temperature_rolling_max_6,0.0
missingindicator_temperature_rolling_min_6,0.0
missingindicator_temperature_rolling_std_6,0.0
missingindicator_temperature_rolling_mean_6,0.0
missingindicator_temperature_rolling_max_3,0.0
missingindicator_temperature_rolling_min_3,0.0
missingindicator_temperature_rolling_std_3,0.0
missingindicator_temperature_rolling_mean_3,0.0
missingindicator_temperature_lag_24,0.0
missingindicator_temperature_lag_12,0.0
missingindicator_temperature_lag_6,0.0
missingindicator_temperature_lag_3,0.0
missingindicator_dew_point_rolling_min_3,0.0
missingindicator_dew_point_rolling_max_3,0.0
missingindicator_dew_point_rolling_mean_6,0.0
missingindicator_relative_humidity_rolling_mean_3,0.0
missingindicator_relative_humidity_rolling_min_24,0.0
missingindicator_relative_humidity_rolling_std_24,0.0
missingindicator_relative_humidity_rolling_mean_24,0.0
missingindicator_relative_humidity_rolling_max_6,0.0
missingindicator_relative_humidity_rolling_min_6,0.0
missingindicator_relative_humidity_rolling_std_6,0.0
missingindicator_relative_humidity_rolling_mean_6,0.0
missingindicator_relative_humidity_rolling_max_3,0.0
missingindicator_relative_humidity_rolling_min_3,0.0
missingindicator_relative_humidity_rolling_std_3,0.0
missingindicator_relative_humidity_lag_24,0.0
missingindicator_dew_point_rolling_std_6,0.0
missingindicator_relative_humidity_lag_12,0.0
missingindicator_relative_humidity_lag_6,0.0
missingindicator_relative_humidity_lag_3,0.0
missingindicator_relative_humidity_lag_1,0.0
missingindicator_dew_point_rolling_max_24,0.0
missingindicator_dew_point_rolling_min_24,0.0
missingindicator_dew_point_rolling_std_24,0.0
missingindicator_dew_point_rolling_mean_24,0.0
missingindicator_dew_point_rolling_max_6,0.0
missingindicator_dew_point_rolling_min_6,0.0
missingindicator_rainfall_1h_rolling_max_24,0.0
